"Site"	"L1"	"L2"	"L3"	"L4"	"L5"	"L6"	"L7"
"20"					"L"		
"30"						"H"	
"32"				"I"			
"47"	"I"						
"49"				"V"			
"56"							"A"
"61"							"R"
"65"					"I"		
"68"							"V"
"71"							"G"
"76"							"D"
"78"							"L"
"89"							"M"
"146"						"V"	
"168"				"K"			
"171"	"I"						
"178"	"A"						
"179"							
"180"						"S"	
"198"					"S"		
"217"		"T"					
"222"					"S"		
"238"						"D"	
"245"	"S"						
"277"	"T"						
"280"					"T"		
"298"						"E"	
"309"						"R"	
"329"							"N"
"330"						"H"	
"331"						"I"	
"342"						"M"	
"359"	"V"						
"370"					"N"		
"373"							"G"
"376"				"I"		"G"	
"401"							"V"
"412"					"H"		
"419"					"R"		
"442"							"N"
"446"						"N"	
"467"						"G"	
"480"					"S"		
"489"				"S"			
"500"						"I"	
"502"						"R"	
"517"						"S"	
"572"						"N"	
"581"						"Y"	
"583"				"T"			"S"
"586"						"A"	
"594"							"D"
"606"						"N"	
